short_desc,desc,short_desc_cr,contact_type,company
MyFirstIncidentRequest - 1,MyFirstIncidentRequest맊reated말nServiceNow맜iaPostman - 1,Add network switch to cabinet 1,Phone 1,HPE1
MyFirstIncidentRequest - 2,MyFirstIncidentRequest맊reated말nServiceNow맜iaPostman - 2,Add network switch to cabinet 2,Phone 2,HPE2
MyFirstIncidentRequest - 3,MyFirstIncidentRequest맊reated말nServiceNow맜iaPostman - 3,Add network switch to cabinet 3,Phone 3,HPE3
MyFirstIncidentRequest - 4,MyFirstIncidentRequest맊reated말nServiceNow맜iaPostman - 4,Add network switch to cabinet 4,Phone 4,HPE4
MyFirstIncidentRequest - 5,MyFirstIncidentRequest맊reated말nServiceNow맜iaPostman - 5,Add network switch to cabinet 5,Phone 5,HPE5
MyFirstIncidentRequest - 6,MyFirstIncidentRequest맊reated말nServiceNow맜iaPostman - 6,Add network switch to cabinet 6,Phone 6,HPE6
MyFirstIncidentRequest - 7,MyFirstIncidentRequest맊reated말nServiceNow맜iaPostman - 7,Add network switch to cabinet 7,Phone 7,HPE7
MyFirstIncidentRequest - 8,MyFirstIncidentRequest맊reated말nServiceNow맜iaPostman - 8,Add network switch to cabinet 8,Phone 8,HPE8
MyFirstIncidentRequest - 9,MyFirstIncidentRequest맊reated말nServiceNow맜iaPostman - 9,Add network switch to cabinet 9,Phone 9,HPE9
MyFirstIncidentRequest - 10,MyFirstIncidentRequest맊reated말nServiceNow맜iaPostman - 10,Add network switch to cabinet 10,Phone 10,HPE10
